_id,index,dataEMD,nome/primeiro,nome/último,idade,género,morada,modalidade,clube,email,federado,resultado
6045074cd77860ac9483d34e,0,2020-02-25,Delgado,Gay,28,F,Gloucester,BTT,ACRroriz,delgado.gay@acrroriz.biz,true,true
6045074ca6adebd591b5d239,1,2019-07-31,Foreman,Prince,34,M,Forestburg,Ciclismo,ACDRcrespos,foreman.prince@acdrcrespos.org,false,true
6045074c221e2fdf430e9ef0,2,2021-01-06,Cheryl,Berger,21,M,Umapine,Basquetebol,Vitoria,cheryl.berger@vitoria.biz,false,true
6045074c529cbdce549d3923,3,2020-11-19,Graves,Goff,29,F,Babb,Andebol,AVCfamalicão,graves.goff@avcfamalicão.co.uk,false,false
6045074c3319a0f9e79aad87,4,2019-09-01,Mckay,Bolton,29,F,Chilton,Futebol,ACDRcrespos,mckay.bolton@acdrcrespos.me,false,false
6045074c222607e7520ffd24,5,2019-10-07,Marla,Kelley,22,M,Clarence,Atletismo,AmigosMontanha,marla.kelley@amigosmontanha.tv,false,false
6045074c344b052551309595,6,2020-12-11,Merrill,Maddox,34,M,Roderfield,Equitação,ACRroriz,merrill.maddox@acrroriz.com,false,true
6045074c6619e6ba7eca2f8d,7,2019-03-12,Nikki,Calderon,22,F,Brethren,Patinagem,EDViana,nikki.calderon@edviana.name,true,false
6045074c0ae66598285ff526,8,2020-12-09,Lucia,Bright,35,F,Onton,Orientação,GDGoma,lucia.bright@gdgoma.info,true,false
6045074c1e1efe942191e3f9,9,2020-01-26,Faith,Wells,31,F,Grantville,Basquetebol,EDViana,faith.wells@edviana.ca,true,true
6045074cb789f82702d32997,10,2019-03-29,Milagros,Osborn,22,M,Dunlo,Patinagem,GDGoma,milagros.osborn@gdgoma.io,false,false
6045074c8eaa8b6bbed6bfc9,11,2019-09-08,Valentine,Sellers,27,F,Odessa,Patinagem,EDViana,valentine.sellers@edviana.net,true,true
6045074c6c87caf7f00f0050,12,2019-05-10,Martha,Hyde,26,M,Dupuyer,Triatlo,Vitoria,martha.hyde@vitoria.biz,false,false
6045074cfdc3867699e6852a,13,2019-04-22,Beck,Stevenson,35,F,Barclay,Dança,SCBraga,beck.stevenson@scbraga.org,true,false
6045074ca84d18be9281b55a,14,2019-05-05,Lester,Strong,21,M,Freetown,Patinagem,GDGoma,lester.strong@gdgoma.biz,false,false
6045074cbea2f209cb62a712,15,2020-03-19,Sharon,Bradley,30,M,Hiseville,Futebol,AVCfamalicão,sharon.bradley@avcfamalicão.co.uk,true,false
6045074ceaa529d03ad4e0c2,16,2019-07-30,Waters,Dale,32,M,Bakersville,Andebol,ABCbraga,waters.dale@abcbraga.me,false,false
6045074cc38fa636edf15de0,17,2019-07-27,Rebekah,Mayer,32,F,Woodlake,Atletismo,ABCbraga,rebekah.mayer@abcbraga.tv,false,false
6045074c8aaf730b690566eb,18,2020-04-19,Isabella,Howell,28,M,Hanover,Basquetebol,AVCfamalicão,isabella.howell@avcfamalicão.com,false,false
6045074c112d6ee3d5dde27a,19,2019-12-28,Lela,Barnes,31,F,Sultana,Karaté,EDViana,lela.barnes@edviana.name,false,true
6045074cafc93f21bcabc1d8,20,2020-09-22,Eunice,Hunter,33,F,Orick,Basquetebol,ACDRcrespos,eunice.hunter@acdrcrespos.info,false,true
6045074ce408bf47cd8ef29c,21,2020-09-26,Samantha,Romero,28,F,Gadsden,BTT,Vitoria,samantha.romero@vitoria.ca,false,true
6045074cf6738949f27f48ca,22,2019-02-27,Langley,Mcbride,29,F,Spelter,Equitação,AVCfamalicão,langley.mcbride@avcfamalicão.io,false,false
6045074c661a72e48a7550e1,23,2021-02-25,Castro,Weber,31,M,Greenfields,Basquetebol,EDViana,castro.weber@edviana.net,false,false
6045074c72c495d69492c8e3,24,2019-09-29,Logan,Kane,26,M,Vale,Basquetebol,AVCfamalicão,logan.kane@avcfamalicão.biz,true,true
6045074c92f9f354a2821467,25,2020-01-27,Ina,Robles,34,F,Succasunna,Ciclismo,AmigosMontanha,ina.robles@amigosmontanha.org,true,false
6045074c4d375505fdb84c32,26,2019-03-14,Laverne,Hays,31,F,Coinjock,Badminton,ACRroriz,laverne.hays@acrroriz.biz,true,false
6045074c59ddce7b480d4bb0,27,2019-01-28,Haley,Estes,21,F,Basye,Futebol,AmigosMontanha,haley.estes@amigosmontanha.co.uk,false,true
6045074c037bf20c161692af,28,2019-02-12,Munoz,Meyers,32,F,Jackpot,BTT,GDGoma,munoz.meyers@gdgoma.me,true,true
6045074cf77ae5c41b56a7ba,29,2020-02-05,Vaughan,Herman,29,M,Orason,Triatlo,Vitoria,vaughan.herman@vitoria.tv,false,true
6045074c9470060fa69b3554,30,2021-01-18,Freida,Mcneil,32,M,Duryea,Patinagem,SCBraga,freida.mcneil@scbraga.com,false,false
6045074cdc692eb0964911ca,31,2019-11-09,Emilia,Rosales,32,F,Tivoli,Dança,ACRroriz,emilia.rosales@acrroriz.name,false,false
6045074c2b90a45cc70c522d,32,2020-11-03,Julianne,Powell,29,F,Alleghenyville,Andebol,ACRroriz,julianne.powell@acrroriz.info,false,false
6045074c2749e27663f8df8f,33,2020-05-03,Aisha,Riddle,33,M,Holtville,Triatlo,EDViana,aisha.riddle@edviana.ca,true,true
6045074ca993fd193a051591,34,2019-01-13,Elisa,Bernard,26,F,Alfarata,Futebol,EDViana,elisa.bernard@edviana.io,false,true
6045074c9ae0a9bcc61c9661,35,2019-05-01,Freeman,Diaz,24,F,Brutus,Esgrima,ABCbraga,freeman.diaz@abcbraga.net,true,false
6045074c0b7490e6d11b418c,36,2019-10-22,Dawson,Mayo,25,M,Roland,Parapente,ACDRcrespos,dawson.mayo@acdrcrespos.biz,false,false
6045074ceb6760bb864a39b1,37,2019-05-30,Castaneda,Kennedy,23,F,Sparkill,Equitação,Vitoria,castaneda.kennedy@vitoria.org,false,true
6045074ce47a37af115ec751,38,2020-02-28,Elma,Estrada,32,F,Tetherow,Andebol,EDViana,elma.estrada@edviana.biz,true,true
6045074c83efeeb0d77ecc4e,39,2020-06-29,Miranda,Powers,29,M,Soham,BTT,ACDRcrespos,miranda.powers@acdrcrespos.co.uk,true,false
6045074ced727ead94846c6f,40,2019-03-23,Rosalind,Michael,21,F,Cloverdale,Dança,ACDRcrespos,rosalind.michael@acdrcrespos.me,true,true
6045074c85287f624b4fadb5,41,2020-11-13,Hardin,Mejia,35,M,Inkerman,Futebol,Vitoria,hardin.mejia@vitoria.tv,false,true
6045074c1a612a3724deac11,42,2019-09-15,Vivian,Pope,32,M,Bayview,Parapente,ACRroriz,vivian.pope@acrroriz.com,true,true
6045074ca5e461081ffbd1cd,43,2019-11-02,Vang,George,35,F,Rivers,Atletismo,AVCfamalicão,vang.george@avcfamalicão.name,true,true
6045074c02fe9542b23ae7ec,44,2020-02-09,Leanne,Barron,24,F,Boling,Badminton,ABCbraga,leanne.barron@abcbraga.info,false,true
6045074c9e6cbb382663fec7,45,2020-01-26,Jeanie,Cantrell,23,F,Nord,Ciclismo,EDViana,jeanie.cantrell@edviana.ca,false,true
6045074c81b39abf24e303c2,46,2020-05-31,Lott,Robertson,27,F,Hannasville,BTT,SCBraga,lott.robertson@scbraga.io,true,false
6045074c3d427fccb06421c6,47,2019-07-15,Tami,Lawrence,33,M,Crumpler,Andebol,AVCfamalicão,tami.lawrence@avcfamalicão.net,true,true
6045074c361483666639cf3f,48,2019-09-24,Myrna,Guerrero,21,F,Bentonville,Atletismo,Vitoria,myrna.guerrero@vitoria.biz,true,true
6045074c7ff70b520706c3ee,49,2019-05-27,Mari,Collier,22,F,Magnolia,Basquetebol,EDViana,mari.collier@edviana.org,false,false
6045074c295e3d8d4ce4d632,50,2019-02-04,Lisa,Ford,23,M,Topanga,Equitação,AmigosMontanha,lisa.ford@amigosmontanha.biz,false,true
6045074ccf6b5ebbc03c6090,51,2020-07-03,Brigitte,Yates,22,F,Crucible,Karaté,AVCfamalicão,brigitte.yates@avcfamalicão.co.uk,false,true
6045074c2c7e5907972c7943,52,2020-12-17,Lora,Ward,29,M,Chelsea,BTT,Vitoria,lora.ward@vitoria.me,false,true
6045074c740bc47f1c1edc43,53,2020-01-21,Robbins,Walsh,30,F,Holcombe,BTT,Vitoria,robbins.walsh@vitoria.tv,true,true
6045074cc6566b4baba944fa,54,2020-02-25,Kristina,Brock,22,F,Carbonville,Esgrima,EDViana,kristina.brock@edviana.com,false,false
6045074c8065c6ccce42a706,55,2020-12-28,Kathie,Preston,23,F,Snyderville,Triatlo,AmigosMontanha,kathie.preston@amigosmontanha.name,true,false
6045074c3b985bf3204634a9,56,2020-09-04,Hollie,Solis,21,M,Edgewater,Futebol,Vitoria,hollie.solis@vitoria.info,false,false
6045074c7e6e525d71491d06,57,2020-12-31,Maritza,Kaufman,29,M,Hall,Karaté,ACRroriz,maritza.kaufman@acrroriz.ca,false,true
6045074c98bdb10215c86319,58,2019-10-25,Graciela,Carney,28,M,Ilchester,Basquetebol,AmigosMontanha,graciela.carney@amigosmontanha.io,true,false
6045074c5ed2139555a9ec4c,59,2019-03-12,Deirdre,Higgins,31,M,Clayville,Ciclismo,SCBraga,deirdre.higgins@scbraga.net,false,true
6045074c6161e1bcd4414e70,60,2020-03-09,Wilson,Tucker,27,M,Rutherford,Futebol,EDViana,wilson.tucker@edviana.biz,false,false
6045074cf07ad0ce69fd74a1,61,2019-06-10,Mcdowell,Church,31,M,Yardville,Badminton,ACRroriz,mcdowell.church@acrroriz.org,true,true
6045074c8d01952612531667,62,2020-09-01,Marie,Craft,28,F,Barstow,Atletismo,GDGoma,marie.craft@gdgoma.biz,true,true
6045074cfe9f4c4f41665e6b,63,2019-12-27,Robbie,Bailey,23,F,Blende,BTT,AmigosMontanha,robbie.bailey@amigosmontanha.co.uk,false,false
6045074c864a3fac3c0fd2f5,64,2019-08-03,Chandra,Edwards,24,M,Homestead,Futebol,ABCbraga,chandra.edwards@abcbraga.me,false,false
6045074ce249a2b523da6eeb,65,2020-11-07,Miller,Rojas,35,M,Cherokee,Dança,ABCbraga,miller.rojas@abcbraga.tv,false,false
6045074c485e53459b96d372,66,2020-02-27,Banks,Guerra,34,M,Takilma,Ciclismo,SCBraga,banks.guerra@scbraga.com,false,false
6045074c8168984eb2052386,67,2019-11-24,Carmella,Shaw,23,M,Goldfield,BTT,SCBraga,carmella.shaw@scbraga.name,true,false
6045074cfa7f7a33e8519b51,68,2019-09-09,Tania,Sargent,27,M,Allentown,Basquetebol,AVCfamalicão,tania.sargent@avcfamalicão.info,false,false
6045074c5ce4af80891d205a,69,2019-01-13,Agnes,Graham,31,M,Hebron,Orientação,ABCbraga,agnes.graham@abcbraga.ca,false,false
6045074cabb58fd0a9a57fd9,70,2019-05-23,Kristi,Melton,25,M,Mahtowa,Parapente,ABCbraga,kristi.melton@abcbraga.io,false,true
6045074c2fda29bc1ad2fe7a,71,2020-09-26,Marsh,Crosby,35,F,Northridge,Orientação,AVCfamalicão,marsh.crosby@avcfamalicão.net,false,true
6045074cb083f240bd2fb336,72,2020-02-14,Jewel,Wagner,30,F,Levant,Atletismo,ACRroriz,jewel.wagner@acrroriz.biz,false,true
6045074c08703b7dcce0c160,73,2019-04-29,Leticia,Pena,23,M,Osmond,Dança,SCBraga,leticia.pena@scbraga.org,false,true
6045074cac0ddb39c6a7014d,74,2020-06-11,Simmons,Conway,29,F,Greenock,Andebol,ACDRcrespos,simmons.conway@acdrcrespos.biz,true,true
6045074c2bf5752765e58542,75,2021-01-11,Fields,Colon,32,F,Farmers,Parapente,Vitoria,fields.colon@vitoria.co.uk,true,true
6045074ca48c50bb5a187e69,76,2020-04-28,Kristen,Jacobs,21,M,Bergoo,Karaté,AVCfamalicão,kristen.jacobs@avcfamalicão.me,true,false
6045074c4a7b266d505b113b,77,2020-03-17,Mcdonald,Bender,21,M,Belleview,Badminton,AmigosMontanha,mcdonald.bender@amigosmontanha.tv,false,true
6045074cfdb88eaaff90e7d0,78,2020-11-25,Emily,Webb,34,F,Fairmount,Basquetebol,ACDRcrespos,emily.webb@acdrcrespos.com,true,true
6045074c5dbfa15251afbbbb,79,2020-02-16,Walker,Wooten,27,M,Chamberino,Atletismo,GDGoma,walker.wooten@gdgoma.name,true,false
6045074c1e9c2c3c5287a4a9,80,2019-11-20,Villarreal,Walton,23,F,Waterview,Andebol,AmigosMontanha,villarreal.walton@amigosmontanha.info,false,false
6045074cb0412dcf6f0f006c,81,2020-12-04,Ashley,Rivers,27,M,Joppa,Basquetebol,ACRroriz,ashley.rivers@acrroriz.ca,false,false
6045074c2720d4395f557ed3,82,2019-10-15,Mcknight,Price,24,M,Ticonderoga,Parapente,Vitoria,mcknight.price@vitoria.io,false,true
6045074cf6397a6bc6be6359,83,2019-10-13,Donna,Blevins,22,F,Gratton,Equitação,GDGoma,donna.blevins@gdgoma.net,true,false
6045074c278fac7cd8282ed5,84,2020-06-17,Cantrell,Santos,22,M,Belvoir,Dança,ACRroriz,cantrell.santos@acrroriz.biz,true,true
6045074ca687f766328598a6,85,2019-09-07,Maldonado,Jefferson,32,M,Coalmont,Basquetebol,EDViana,maldonado.jefferson@edviana.org,false,true
6045074c28937f104dd2c8ff,86,2019-04-16,Reva,Kirk,28,F,Rosine,Ciclismo,EDViana,reva.kirk@edviana.biz,false,false
6045074ce43fd30421285b88,87,2019-07-17,Deann,Vargas,30,F,Blanford,Dança,ACDRcrespos,deann.vargas@acdrcrespos.co.uk,false,false
6045074c03d0fb1e777063a7,88,2021-02-15,Nunez,Guy,22,F,Crown,Equitação,SCBraga,nunez.guy@scbraga.me,true,true
6045074c89d64aa6b8000146,89,2019-07-15,Sofia,Todd,24,F,Vicksburg,Futebol,ABCbraga,sofia.todd@abcbraga.tv,false,true
6045074c444ff5040bbcaaba,90,2021-01-30,Fowler,Madden,33,M,Sattley,Andebol,AVCfamalicão,fowler.madden@avcfamalicão.com,true,false
6045074c4b24d5da91e74040,91,2019-12-11,Stone,Thomas,30,M,Moquino,Triatlo,ACRroriz,stone.thomas@acrroriz.name,false,true
6045074ca8e8f207a7af8b7c,92,2021-01-13,Bowers,Gilliam,35,F,Chestnut,Badminton,AVCfamalicão,bowers.gilliam@avcfamalicão.info,true,false
6045074cf31ec3064c59bb84,93,2019-11-19,Goldie,Mcgee,25,F,Somerset,Ciclismo,AVCfamalicão,goldie.mcgee@avcfamalicão.ca,true,true
6045074c84832cfc5285583a,94,2019-08-13,May,French,33,F,Kingstowne,Badminton,GDGoma,may.french@gdgoma.io,false,false
6045074c17073c393e85f3d6,95,2020-06-03,Hester,Johnston,26,M,Bannock,Badminton,ACRroriz,hester.johnston@acrroriz.net,true,false
6045074cc3767c3826a73900,96,2020-08-30,Kim,Combs,35,M,Chase,Atletismo,SCBraga,kim.combs@scbraga.biz,false,false
6045074cc0cb9ac2102dd0dd,97,2019-12-10,Elliott,Vaughan,24,F,Morgandale,Futebol,GDGoma,elliott.vaughan@gdgoma.org,false,true
6045074c32630ef7b686f0dc,98,2020-02-19,Sherman,Lowery,33,F,Lumberton,Basquetebol,AVCfamalicão,sherman.lowery@avcfamalicão.biz,false,true
6045074c55eefae749877cf9,99,2020-01-17,Peters,Emerson,30,F,Bonanza,Dança,AmigosMontanha,peters.emerson@amigosmontanha.co.uk,false,false
